{
    "name": "Suckubus Blowjob",
    "cost": "0",
    "costType": "ep",
    "requiredLevel": "0",
    "learningCost": "0",
    "skillType": "attack",
    "statType": "Core",
    "requiredStat": "0",
    "skillTags": [ "Mouth"],
    "fetishTags": [ "Oral"],
    "startsStance": "Blowjob",
    "requiresStance": "Any",
    "unusableIfStance": [ "Making Out"],
    "requiresTargetStance": [ "Any"],
    "unusableIfTarget": [ "Sex", "Anal", "Footjob", "Titfuck"],
    "unusableIfTargetHasTheseSets": [],
    "removesStance": "None",
    "requiresStatusEffect": "None",
    "requiresStatusPotency": "0",
    "unusableIfStatusEffect": [ "None"],
    "power": "15",
    "minRange": "90",
    "maxRange": "110",
    "recoil": "0",
    "targetType": "single",
    "statusEffect": "none",
    "statusChance": "0",
    "statusDuration": "0",
    "statusPotency": "0",
    "statusResistedBy": "",
    "statusText": "",
    "descrip": "Suck Dick.",
    "outcome": "|f|CallCombatEventAndScene|/|SuckubusCombatEvents|/|SuckubusBlowjob|n|",
    "miss": "[AttackerName] tries to get [TargetName]'s dick in [AttackerHisOrHer] mouth, but [TargetName] twists away!",
    "statusOutcome": "IgnoreAttack",
    "statusMiss": "",
    "restraintStruggle": "",
    "restraintStruggleCharmed": "",
    "restraintEscaped": "",
    "restraintEscapedFail": ""
}
