{
    "name": "Seductive Head Bob",
    "cost": "0",
    "costType": "ep",
    "requiredLevel": "0",
    "learningCost": "0",
    "skillType": "attack",
    "statType": "Allure",
    "requiredStat": "0",
    "skillTags": [ "Mouth"],
    "fetishTags": [ "Oral"],
    "startsStance": "",
    "requiresStance": "Blowjob",
    "unusableIfStance": [ ""],
    "requiresTargetStance": [ "Blowjob"],
    "unusableIfTarget": [ "Sex", "Anal"],
    "removesStance": "None",
    "requiresStatusEffect": "None",
    "requiresStatusPotency": "0",
    "unusableIfStatusEffect": [ "None"],
    "power": "25",
    "minRange": "90",
    "maxRange": "110",
    "recoil": "0",
    "targetType": "single",
    "statusEffect": "Charm",
    "statusChance": "85",
    "statusDuration": "4",
    "statusPotency": "0",
    "statusResistedBy": "",
    "statusText": "",
    "descrip": "Suck Dick Deeper.",
    "outcome": "[AttackerName] looks up at [TargetName] with lustful eyes, giving you a wink as [AttackerHeOrShe] sucks [TargetHisOrHer] cock deep in her mouth, pumping her lips over [TargetHisOrHer] cock, and as [TargetName] looks down at [AttackerHisOrHer] seductive gaze, her eyes flash and [TargetName] can't resist [AttackerHisOrHer] her seductive display.",
    "miss": "[TargetName] closes [TargetHisOrHer] eyes and grits [TargetHisOrHer] teeth to resist the pleasure as [AttackerName]'s mouth bobs and sucks intently on [TargetHisOrHer] cock!",
    "statusOutcome": "[TargetName] grins and gently grabs [AttackerName]'s head, guiding [AttackerHisOrHer] sucking lips down [TargetHisOrHer] shaft... [TargetName] has been charmed!",
    "statusMiss": "",
    "restraintStruggle": "",
    "restraintStruggleCharmed": "",
    "restraintEscaped": "",
    "restraintEscapedFail": ""
}
