{
    "name": "Suckubus Powerful Suction",
    "cost": "0",
    "costType": "ep",
    "requiredLevel": "0",
    "learningCost": "0",
    "skillType": "attack",
    "statType": "Technique",
    "requiredStat": "0",
    "skillTags": [ "Mouth"],
    "fetishTags": [ "Oral"],
    "startsStance": "",
    "requiresStance": "Blowjob",
    "unusableIfStance": [ ""],
    "requiresTargetStance": [ "Blowjob"],
    "unusableIfTarget": [ "Sex", "Anal"],
    "removesStance": "None",
    "requiresStatusEffect": "None",
    "requiresStatusPotency": "0",
    "unusableIfStatusEffect": [ "None"],
    "power": "35",
    "minRange": "90",
    "maxRange": "110",
    "recoil": "0",
    "targetType": "single",
    "statusEffect": "Stun",
    "statusChance": "75",
    "statusDuration": "1",
    "statusPotency": "15",
    "statusResistedBy": "Willpower",
    "statusText": "",
    "descrip": "",
    "outcome": "[AttackerName] engulfs [TargetName]'s manhood in [AttackerHisOrHer] red lips and wet mouth before powerfully sucking on it, making [TargetName] groan from the intense sensation of her suction [AttackerHisOrHer] tongue relentlessly swirls around [TargetHisOrHer] entire length with inhuman dexterity.",
    "miss": "[AttackerName] hilts [TargetName]'s manhood in [AttackerHisOrHer] red lips and wet mouth before powerfully sucking on it as [AttackerHisOrHer] tongue relentlessly swirls around [TargetHisOrHer] entire length with inhuman dexterity, but [TargetName] grits [TargetHisOrHer] teeth and manages to resist the pleasant sensations!",
    "statusOutcome": "[TargetName] is overwhelmed by the intense sensation, and can do nothing but throw his head back in bliss at the intense pleasure!",
    "statusMiss": "[TargetName] somehow manages to endure the suckubus' powerful suction!",
    "restraintStruggle": "",
    "restraintStruggleCharmed": "",
    "restraintEscaped": "",
    "restraintEscapedFail": ""
}
