{
    "name": "Suckubus Ball-Draining Blowjob",
    "cost": "0",
    "costType": "ep",
    "requiredLevel": "0",
    "learningCost": "0",
    "skillType": "attack",
    "statType": "Technique",
    "requiredStat": "0",
    "skillTags": [ "Mouth"],
    "fetishTags": [ "Oral"],
    "startsStance": "",
    "requiresStance": "Blowjob",
    "unusableIfStance": [ ""],
    "requiresTargetStance": [ "Blowjob"],
    "unusableIfTarget": [ "Sex", "Anal"],
    "removesStance": "None",
    "requiresStatusEffect": "None",
    "requiresStatusPotency": "0",
    "unusableIfStatusEffect": [ "None"],
    "power": "35",
    "minRange": "90",
    "maxRange": "110",
    "recoil": "0",
    "targetType": "single",
    "statusEffect": "None",
    "statusChance": "0",
    "statusDuration": "0",
    "statusPotency": "0",
    "statusResistedBy": "",
    "statusText": "",
    "descrip": "",
    "outcome": "[AttackerName] sucks and slurps her way down [TargetName]'s manhood, her tongue and hands working to stroke and lick every exposed inch of [TargetHisOrHer] shaft with her devilishly skilled tongue, quickly breaking down [TargetHisOrHer] resistance with the sensations of her sucking mouth.",
    "miss":     "[AttackerName] sucks and slurps her way down [TargetName]'s manhood, her tongue and hands working to stroke and lick every exposed inch of [TargetHisOrHer] shaft with her devilishly skilled tongue, but [TargetHeOrShe] grits [TargetHisOrHer] teeth and manages to resist the pleasant sensations!",
    "statusOutcome": "",
    "statusMiss": "",
    "restraintStruggle": "",
    "restraintStruggleCharmed": "",
    "restraintEscaped": "",
    "restraintEscapedFail": ""
}
