{
    "name": "Suckubus Temptation",
    "cost": "0",
    "costType": "ep",
    "requiredLevel": "0",
    "learningCost": "100",
    "skillType": "attack",
    "statType": "Allure",
    "requiredStat": "5",
    "skillTags": [ "Seduction"],
    "fetishTags": [ "Oral"],
    "startsStance": "",
    "requiresStance": "Any",
    "unusableIfStance": [ "Any"],
    "requiresTargetStance": [ "Any"],
    "unusableIfTarget": [ ""],
    "removesStance": "None",
    "requiresStatusEffect": "None",
    "requiresStatusPotency": "0",
    "unusableIfStatusEffect": [ "None"],
    "power": "2",
    "minRange": "90",
    "maxRange": "110",
    "recoil": "0",
    "targetType": "single",
    "statusEffect": "Charm",
    "statusChance": "25",
    "statusDuration": "6",
    "statusPotency": "0",
    "statusResistedBy": "Willpower",
    "statusText": "",
    "descrip": "",
    "outcome": "[AttackerName] licks her glistening lips sensuously before blowing you a kiss.  She lets her tongue flickering out to tempt you with a display of oral prowess, and [TargetName] can't help but watch the arousing display, [TargetHisOrHer] cock throbbing with desire to feel her oral embrace.",
    "miss": "[AttackerName] licks her glistening lips sensuously before blowing you a kiss.  She lets her tongue flickering out to tempt you with a display of oral prowess, but [TargetName] ignores the slutty display.",
    "statusOutcome": "[TargetName]'s mind is completely filled with [AttackerName]'s red lips and long tongue, leaving [TargetHimOrHer] charmed!",
    "statusMiss": "",
    "restraintStruggle": "",
    "restraintStruggleCharmed": "",
    "restraintEscaped": "",
    "restraintEscapedFail": ""
}
