{
    "name": "Mountain",
    "Addition": "Yes",
    "Monsters": [ "Suckubus"],
    "MonsterGroups": [
                  {
                      "Group": []
                  }
                ],
    "Events": [ ""],
    "Quests": [ ""],
    "Adventures": [ ""],
    "Treasure": [
                {
                    "Common": [ ""]
                },
                {
                    "Uncommon": [ ""]
                },
                {
                    "Rare": [ ""]
                }
              ]

}
